"アイカワ","相川"
"アキヤマ","秋山"
"アライ","荒井"
"アンザイ","安西"
"イイムラ","飯村"
"イケガミ","池上"
"イケザワ","池澤"
"イズミダ","泉田"
"イチムラ","市村"
"イナダ","稲田"
"イハラ","井原"
"イマダ","今田"
"イワイ","岩井"
"ウエシマ","上島"
"ウエダ","植田"
"ウノ","宇野"
"オオウチ","大内"
"オカザキ","岡崎"
"オノ","小野"
"カジ","加治"
"カナモリ","金森"
"カメヤマ","亀山"
"カワムラ","川村"
"キタムラ","北村"
"キンジョウ","金城"
"クボキ","久保木"
"クレバヤシ","紅林"
"コイズミ","小泉"
"コデラ","小寺"
"コンドウ","近藤"
"ササクラ","笹倉"
"シオカワ","塩川"
"シライワ","白岩"
"スギモト","杉本"
"セノオ","妹尾"
"タカシマ","高嶋"
"タケダ","竹田"
"タニヤマ","谷山"
"ツカモト","塚本"
"ツムラ","津村"
"トオヤマ","遠山"
"トミオカ","富岡"
"ナリタ","成田"
"ニシザワ","西澤"
"ネマ","根間"
"ノムラ","野村"
"ハタノ","畑野"
"ハマベ","浜辺"
"ヒキタ","引田"
"ヒラコ","平子"
"ビトウ","尾藤"
"フジイ","藤井"
"フジワラ","藤原"
"フワ","不破"
"ホリグチ","堀口"
"マサキ","正木"
"マツエダ","松枝"
"マツミ","松見"
"ミカミ","三上"
"ミズオ","水尾"
"ミヤノ","宮野"
"ムラカミ","村上"
"モリモト","森本"
"ヤスナガ","安永"
"ヤマカワ","山川"
"ヤマナ","山名"
"ヨコシマ","横島"
"ヨシハラ","吉原"
"ワタナベ","渡部"
"ワダ","和田"
